started_at,finished_at,status,dates_attempted,dates_synced,http_status,duration_ms,message
2026-07-01T16:11:31.961850+00:00,2026-07-01T16:11:31.962858+00:00,success,0,0,,0,Nothing new to sync.
2026-07-01T19:01:18.975675+00:00,2026-07-01T19:01:21.670394+00:00,success,1,1,200,2694,Synced 1 day(s).
2026-07-01T20:33:07.008150+00:00,2026-07-01T20:33:10.859296+00:00,success,1,1,200,3850,Synced 1 day(s).
2026-07-01T20:34:24.641398+00:00,2026-07-01T20:34:24.642395+00:00,success,0,0,,0,Nothing new to sync.
2026-07-01T21:24:43.753127+00:00,2026-07-01T21:24:45.734583+00:00,success,1,1,200,1980,Synced 1 day(s).
2026-07-03T01:21:01.416171+00:00,2026-07-03T01:21:01.421760+00:00,success,0,0,,6,Nothing new to sync.
2026-07-03T01:22:12.330489+00:00,2026-07-03T01:22:50.533808+00:00,success,1,1,200,38202,Synced 1 day(s).
2026-07-03T01:43:50.215022+00:00,2026-07-03T01:43:50.216068+00:00,success,0,0,,0,Nothing new to sync.
2026-07-03T01:50:46.246777+00:00,2026-07-03T01:51:08.323112+00:00,success,1,1,200,22076,Synced 1 day(s).
2026-07-03T02:08:26.655131+00:00,2026-07-03T02:08:26.655131+00:00,success,0,0,,0,Nothing new to sync.
2026-07-03T02:08:27.525149+00:00,2026-07-03T02:08:27.525149+00:00,success,0,0,,0,Nothing new to sync.
2026-07-03T09:13:26.901447+00:00,2026-07-03T09:14:22.626028+00:00,success,1,1,200,55724,Synced 1 day(s).
2026-07-03T20:48:08.096828+00:00,2026-07-03T20:48:08.097832+00:00,success,0,0,,0,Nothing new to sync.
2026-07-03T20:49:59.447905+00:00,2026-07-03T20:49:59.448928+00:00,success,0,0,,1,Nothing new to sync.
2026-07-03T20:50:00.247052+00:00,2026-07-03T20:50:00.248103+00:00,success,0,0,,1,Nothing new to sync.
2026-07-03T20:50:01.042878+00:00,2026-07-03T20:50:01.044982+00:00,success,0,0,,1,Nothing new to sync.
2026-07-03T20:51:56.390520+00:00,2026-07-03T20:51:56.392004+00:00,success,0,0,,1,Nothing new to sync.
2026-07-13T19:20:06.227504+00:00,2026-07-13T19:20:07.934001+00:00,success,1,1,200,1706,Synced 1 day(s).
